Wysokość (h [m]),Siła ciążenia (Fg [N]),Temperatura (T [K]),Ciśnienie (p [Pa]),Gęstość powietrza (ρ [kg/m^3])
0,539.0,308,101300,1.1457798428709418
10,538.8040000000001,307.915,101187.7417047611,1.1448260586527605
20,538.6080000000001,307.83,101075.54591962465,1.1438724551316504
30,538.412,307.745,100963.41266137914,1.1429190326473861
40,538.216,307.66,100851.34194679357,1.1419657915398973
50,538.02,307.575,100739.33379261753,1.1410127321492702
60,537.824,307.49,100627.38821558109,1.140059854815745
70,537.628,307.405,100515.50523239476,1.1391071598797173
80,537.432,307.32,100403.68485974956,1.1381546476817372
90,537.236,307.235,100291.92711431679,1.1372023185625095
100,537.04,307.15,100180.23201274817,1.1362501728628933
110,536.844,307.065,100068.59957167572,1.1352982109239018
120,536.648,306.98,99957.02980771176,1.134346433086702
130,536.452,306.895,99845.52273744882,1.1333948396926148
140,536.256,306.81,99734.07837745966,1.132443431083114
150,536.0600000000001,306.725,99622.69674429721,1.1314922075998277
160,535.864,306.64,99511.37785449448,1.130541169584536
170,535.668,306.555,99400.12172456467,1.1295903173791728
180,535.4720000000001,306.47,99288.92837100095,1.128639651325824
190,535.2760000000001,306.385,99177.79781027653,1.127689171766728
200,535.08,306.3,99066.73005884467,1.1267388790442758
210,534.884,306.215,98955.72513313846,1.1257887735010101
220,534.6880000000001,306.13,98844.78304957101,1.1248388554796254
230,534.4920000000001,306.045,98733.90382453523,1.1238891253229681
240,534.296,305.96,98623.08747440389,1.1229395833740357
250,534.1,305.875,98512.33401552956,1.121990229975977
260,533.9040000000001,305.79,98401.64346424454,1.1210410654720913
270,533.7080000000001,305.705,98291.0158368609,1.1200920902058296
280,533.5120000000001,305.62,98180.45114967036,1.1191433045207921
290,533.316,305.535,98069.94941894429,1.1181947087607305
300,533.12,305.45,97959.51066093368,1.1172463032695463
310,532.924,305.365,97849.1348918691,1.11629808839129
320,532.7280000000001,305.28,97738.82212796061,1.115350064470163
330,532.532,305.195,97628.57238539781,1.1144022318505147
340,532.336,305.11,97518.38568034978,1.1134545908768454
350,532.14,305.025,97408.26202896496,1.1125071418938033
360,531.9440000000001,304.94,97298.2014473712,1.1115598852461848
370,531.748,304.855,97188.20395167572,1.1106128212789361
380,531.552,304.77,97078.269557965,1.1096659503371513
390,531.356,304.685,96968.39828230484,1.108719272766072
400,531.1600000000001,304.6,96858.59014074026,1.1077727889110884
410,530.964,304.515,96748.84514929543,1.106826499117738
420,530.768,304.43,96639.16332397376,1.1058804037317054
430,530.572,304.345,96529.5446807577,1.1049345030988225
440,530.376,304.26,96419.98923560881,1.103988797565069
450,530.18,304.175,96310.49700446775,1.1030432874765703
460,529.984,304.09,96201.06800325407,1.1020979731795988
470,529.788,304.005,96091.70224786637,1.1011528550205723
480,529.592,303.92,95982.39975418219,1.100207933346056
490,529.396,303.835,95873.16053805791,1.0992632085027598
500,529.2,303.75,95763.9846153288,1.0983186808375398
510,529.0040000000001,303.665,95654.87200180888,1.0973743506973963
520,528.808,303.58,95545.82271329107,1.0964302184294772
530,528.612,303.495,95436.83676554692,1.095486284381072
540,528.416,303.41,95327.91417432671,1.0945425488996172
550,528.22,303.325,95219.05495535939,1.0935990123326924
560,528.024,303.24,95110.25912435257,1.0926556750280225
570,527.8280000000001,303.155,95001.52669699237,1.091712537333475
580,527.6320000000001,303.07,94892.8576889435,1.090769599597062
590,527.436,302.985,94784.25211584919,1.0898268621669382
600,527.24,302.9,94675.70999333113,1.0888843253914031
610,527.0440000000001,302.815,94567.23133698943,1.087941989618897
620,526.8480000000001,302.73,94458.81616240258,1.0869998551980045
630,526.652,302.645,94350.4644851275,1.086057922477452
640,526.456,302.56,94242.17632069933,1.085116191806108
650,526.2600000000001,302.475,94133.95168463155,1.0841746635329834
660,526.0640000000001,302.39,94025.79059241587,1.0832333380072308
670,525.868,302.305,93917.69305952218,1.0822922155781436
680,525.672,302.22,93809.65910139855,1.0813512965951573
690,525.4760000000001,302.135,93701.68873347115,1.080410581407848
700,525.28,302.05,93593.78197114429,1.0794700703659323
710,525.0840000000001,301.965,93485.93882980027,1.0785297638192684
720,524.888,301.88,93378.15932479943,1.0775896621178527
730,524.692,301.795,93270.44347148007,1.0766497656118237
740,524.496,301.71,93162.79128515838,1.075710074651458
750,524.3000000000001,301.625,93055.20278112854,1.074770589587173
760,524.104,301.54,92947.67797466247,1.0738313107695245
770,523.908,301.455,92840.21688100997,1.072892238549208
780,523.712,301.37,92732.8195153986,1.0719533732770565
790,523.5160000000001,301.285,92625.48589303366,1.0710147153040428
800,523.32,301.2,92518.21602909814,1.0700762649812772
810,523.124,301.115,92411.00993875266,1.0691380226600078
820,522.928,301.03,92303.86763713553,1.0681999886916214
830,522.7320000000001,300.945,92196.78913936256,1.0672621634276411
840,522.5360000000001,300.86,92089.77446052716,1.0663245472197276
850,522.34,300.775,91982.82361570018,1.0653871404196789
860,522.144,300.69,91875.93661993001,1.064449943379429
870,521.9480000000001,300.605,91769.11348824241,1.063512956451049
880,521.7520000000001,300.52,91662.35423564052,1.062576179986746
890,521.556,300.435,91555.65887710486,1.061639614338862
900,521.36,300.35,91449.0274275932,1.060703259859876
910,521.164,300.265,91342.45990204065,1.0597671169024019
920,520.968,300.18,91235.95631535948,1.0588311858191881
930,520.772,300.095,91129.51668243918,1.0578954669631186
940,520.5760000000001,300.01,91023.14101814639,1.0569599606872115
950,520.38,299.925,90916.82933732482,1.0560246673446194
960,520.184,299.84,90810.5816547953,1.055089587288629
970,519.988,299.755,90704.39798535567,1.0541547208726605
980,519.792,299.67,90598.27834378072,1.0532200684502673
990,519.596,299.585,90492.22274482228,1.0522856303751373
1000,519.4000000000001,299.5,90386.23120320898,1.0513514070010894
1010,519.2040000000001,299.415,90280.30373364643,1.050417398682077
1020,519.008,299.33,90174.44035081698,1.0494836057721848
1030,518.812,299.245,90068.64106937981,1.0485500286256302
1040,518.6160000000001,299.16,89962.90590397088,1.0476166675967618
1050,518.4200000000001,299.075,89857.2348692028,1.0466835230400604
1060,518.224,298.99,89751.62797966492,1.0457505953101378
1070,518.028,298.905,89646.08524992317,1.0448178847617373
1080,517.8320000000001,298.82,89540.6066945201,1.0438853917497322
1090,517.6360000000001,298.735,89435.19232797479,1.0429531166291262
1100,517.44,298.65,89329.84216478284,1.0420210597550539
1110,517.244,298.565,89224.55621941636,1.0410892214827798
1120,517.0480000000001,298.48,89119.33450632387,1.0401576021676973
1130,516.8520000000001,298.395,89014.17703993025,1.0392262021653302
1140,516.6560000000001,298.31,88909.08383463677,1.0382950218313296
1150,516.46,298.225,88804.054904821,1.0373640615214772
1160,516.264,298.14,88699.0902648368,1.036433321591683
1170,516.068,298.055,88594.18992901426,1.0355028023979838
1180,515.8720000000001,297.97,88489.35391165964,1.0345725042965457
1190,515.676,297.885,88384.58222705536,1.0336424276436615
1200,515.48,297.8,88279.87488945997,1.0327125727957522
1210,515.284,297.715,88175.23191310809,1.0317829401093654
1220,515.0880000000001,297.63,88070.65331221037,1.0308535299411759
1230,514.892,297.545,87966.13910095344,1.0299243426479838
1240,514.696,297.46,87861.68929349988,1.0289953785867167
1250,514.5,297.375,87757.30390398821,1.0280666381144274
1260,514.3040000000001,297.29,87652.98294653282,1.0271381215882949
1270,514.1080000000001,297.205,87548.72643522389,1.0262098293656228
1280,513.912,297.12,87444.53438412742,1.0252817618038401
1290,513.716,297.035,87340.40680728517,1.0243539192605005
1300,513.52,296.95,87236.34371871456,1.0234263020932821
1310,513.324,296.865,87132.34513240878,1.022498910659987
1320,513.128,296.78,87028.41106233654,1.0215717453185418
1330,512.932,296.695,86924.54152244219,1.020644806426995
1340,512.736,296.61,86820.73652664562,1.0197180943435202
1350,512.54,296.525,86716.99608884226,1.0187916094264136
1360,512.344,296.44,86613.32022290296,1.0178653520340928
1370,512.148,296.355,86509.708942674,1.0169393225250984
1380,511.952,296.27,86406.16226197706,1.0160135212580943
1390,511.75600000000003,296.185,86302.6801946092,1.015087948591864
1400,511.56000000000006,296.1,86199.26275434271,1.0141626048853136
1410,511.36400000000003,296.015,86095.9099549252,1.0132374904974706
1420,511.168,295.93,85992.62181007946,1.0123126057874823
1430,510.97200000000004,295.845,85889.39833350353,1.0113879511146173
1440,510.77600000000007,295.76,85786.23953887052,1.0104635268382647
1450,510.58000000000004,295.675,85683.14543982867,1.0095393333179319
1460,510.384,295.59,85580.11605000129,1.0086153709132482
1470,510.18800000000005,295.505,85477.15138298667,1.0076916399839595
1480,509.992,295.42,85374.25145235813,1.006768140889933
1490,509.796,295.335,85271.41627166391,1.0058448739911536
1500,509.6,295.25,85168.64585442712,1.0049218396477244
1510,509.40400000000005,295.165,85065.94021414574,1.0039990382198667
1520,509.208,295.08,84963.29936429256,1.0030764700679198
1530,509.012,294.995,84860.72331831517,1.0021541355523393
1540,508.81600000000003,294.91,84758.21208963585,1.0012320350336994
1550,508.62,294.825,84655.7656916516,1.0003101688726905
1560,508.424,294.74,84553.38413773407,0.9993885374301186
1570,508.228,294.655,84451.06744122949,0.998467141066907
1580,508.0320000000001,294.57,84348.81561545869,0.9975459801440939
1590,507.836,294.485,84246.628673717,0.9966250550228338
1600,507.64,294.4,84144.50662927426,0.9957043660643958
1610,507.4440000000001,294.315,84042.44949537473,0.9947839136301642
1620,507.248,294.23,83940.45728523708,0.993863698081637
1630,507.05199999999996,294.145,83838.53001205434,0.9929437197804278
1640,506.85600000000005,294.06,83736.66768899387,0.9920239790882627
1650,506.6600000000001,293.975,83634.87032919729,0.9911044763669822
1660,506.46400000000006,293.89,83533.13794578049,0.9901852119785397
1670,506.26800000000003,293.805,83431.47055183351,0.9892661862850017
1680,506.07200000000006,293.72,83329.86816042056,0.9883473996485466
1690,505.87600000000003,293.635,83228.33078458,0.9874288524314664
1700,505.68,293.55,83126.85843732419,0.9865105449961631
1710,505.48400000000004,293.465,83025.45113163958,0.9855924777051522
1720,505.28800000000007,293.38,82924.10888048659,0.984674650921059
1730,505.09200000000004,293.295,82822.83169679956,0.9837570650066204
1740,504.8960000000001,293.21,82721.61959348677,0.9828397203246837
1750,504.70000000000005,293.125,82620.47258343034,0.9819226172382065
1760,504.5040000000001,293.04,82519.39067948626,0.9810057561102564
1770,504.30800000000005,292.955,82418.3738944842,0.9800891373040105
1780,504.112,292.87,82317.42224122767,0.9791727611827545
1790,503.91600000000005,292.785,82216.53573249382,0.9782566281098843
1800,503.7200000000001,292.7,82115.71438103347,0.9773407384489031
1810,503.524,292.615,82014.95819957105,0.9764250925634231
1820,503.32800000000003,292.53,81914.26720080456,0.9755096908171642
1830,503.13200000000006,292.445,81813.64139740553,0.9745945335739533
1840,502.93600000000004,292.36,81713.080802019,0.9736796211977253
1850,502.74,292.275,81612.5854272634,0.9727649540525217
1860,502.54400000000004,292.19,81512.15528573062,0.9718505325024899
1870,502.348,292.105,81411.79038998586,0.9709363569118841
1880,502.15200000000004,292.02,81311.4907525677,0.9700224276450643
1890,501.956,291.935,81211.25638598794,0.9691087450664958
1900,501.76000000000005,291.85,81111.08730273167,0.9681953095407488
1910,501.564,291.765,81010.98351525709,0.9672821214324987
1920,501.368,291.68,80910.94503599567,0.966369181106525
1930,501.172,291.595,80810.97187735185,0.9654564889277112
1940,500.97600000000006,291.51,80711.06405170327,0.9645440452610452
1950,500.78,291.425,80611.22157140053,0.9636318504716174
1960,500.584,291.34,80511.44444876719,0.9627199049246215
1970,500.38800000000003,291.255,80411.7326960998,0.961808208985354
1980,500.192,291.17,80312.08632566775,0.9608967630192131
1990,499.996,291.085,80212.50534971338,0.9599855673917006
2000,499.8,291.0,80112.98978045177,0.9590746224684178
2010,499.604,290.915,80013.53963007075,0.9581639286150682
2020,499.4080000000001,290.83,79914.15491073095,0.9572534861974566
2030,499.212,290.745,79814.83563456566,0.9563432955814876
2040,499.0160000000001,290.66,79715.58181368081,0.9554333571331661
2050,498.82000000000005,290.575,79616.39346015488,0.9545236712185968
2060,498.6240000000001,290.49,79517.27058603904,0.9536142382039844
2070,498.42800000000005,290.405,79418.21320335683,0.9527050584556314
2080,498.2320000000001,290.32,79319.22132410438,0.9517961323399403
2090,498.03600000000006,290.235,79220.29496025019,0.9508874602234112
2100,497.84000000000003,290.15,79121.43412373515,0.9499790424726424
2110,497.64400000000006,290.065,79022.63882647254,0.9490708794543298
2120,497.4480000000001,289.98,78923.90908034789,0.9481629715352662
2130,497.25200000000007,289.895,78825.24489721903,0.9472553190823418
2140,497.05600000000004,289.81,78726.64628891602,0.9463479224625431
2150,496.86000000000007,289.725,78628.11326724106,0.9454407820429522
2160,496.66400000000004,289.64,78529.64584396848,0.944533898190748
2170,496.468,289.555,78431.24403084474,0.9436272712732033
2180,496.27200000000005,289.47,78332.90783958834,0.9427209016576876
2190,496.0760000000001,289.385,78234.63728188977,0.9418147897116639
2200,495.88000000000005,289.3,78136.43236941147,0.9409089358026894
2210,495.684,289.215,78038.29311378785,0.9400033402984159
2220,495.48800000000006,289.13,77940.21952662517,0.9390980035665883
2230,495.29200000000003,289.045,77842.2116195015,0.9381929259750442
2240,495.096,288.96,77744.26940396675,0.9372881078917152
2250,494.90000000000003,288.875,77646.39289154253,0.9363835496846232
2260,494.70400000000006,288.79,77548.5820937222,0.9354792517218842
2270,494.50800000000004,288.705,77450.83702197079,0.9345752143717048
2280,494.312,288.62,77353.15768772486,0.9336714380023822
2290,494.11600000000004,288.535,77255.54410239267,0.9327679229823056
2300,493.92,288.45,77157.99627735394,0.9318646696799545
2310,493.72400000000005,288.365,77060.51422395991,0.9309616784638974
2320,493.528,288.28,76963.09795353324,0.9300589497027938
2330,493.33200000000005,288.195,76865.74747736804,0.9291564837653912
2340,493.136,288.11,76768.46280672973,0.9282542810205269
2350,492.94,288.025,76671.24395285509,0.9273523418371264
2360,492.744,287.94,76574.09092695218,0.9264506665842038
2370,492.548,287.855,76477.00374020023,0.9255492556308595
2380,492.35200000000003,287.77,76379.98240374976,0.9246481093462833
2390,492.156,287.685,76283.02692872236,0.9237472280997499
2400,491.96000000000004,287.6,76186.13732621074,0.9228466122606216
2410,491.764,287.515,76089.31360727869,0.9219462621983472
2420,491.568,287.43,75992.55578296098,0.9210461782824599
2430,491.372,287.345,75895.8638642634,0.9201463608825798
2440,491.1760000000001,287.26,75799.23786216264,0.9192468103684107
2450,490.9800000000001,287.175,75702.6777876063,0.9183475271097418
2460,490.784,287.09,75606.1836515128,0.9174485114764458
2470,490.5880000000001,287.005,75509.75546477138,0.9165497638384799
2480,490.39200000000005,286.92,75413.393238242,0.9156512845658833
2490,490.19599999999997,286.835,75317.09698275539,0.9147530740287799
2500,490.00000000000006,286.75,75220.8667091129,0.9138551325973745
2510,489.8040000000001,286.665,75124.70242808656,0.9129574606419555
2520,489.60800000000006,286.58,75028.60415041892,0.9120600585328916
2530,489.41200000000003,286.495,74932.57188682312,0.911162926640634
2540,489.21600000000007,286.41,74836.60564798277,0.9102660653357139
2550,489.02000000000004,286.325,74740.70544455195,0.9093694749887438
2560,488.824,286.24,74644.87128715514,0.9084731559704154
2570,488.62800000000004,286.155,74549.10318638716,0.9075771086515009
2580,488.4320000000001,286.07,74453.40115281324,0.9066813334028513
2590,488.23600000000005,285.985,74357.76519696877,0.9057858305953965
2600,488.04,285.9,74262.19532935944,0.9048906006001448
2610,487.84400000000005,285.815,74166.69156046116,0.9039956437881829
2620,487.648,285.73,74071.25390071992,0.9031009605306743
2630,487.45200000000006,285.645,73975.88236055183,0.9022065511988605
2640,487.25600000000003,285.56,73880.57695034312,0.9013124161640594
2650,487.06000000000006,285.475,73785.33768044996,0.9004185557976652
2660,486.86400000000003,285.39,73690.16456119853,0.899524970471148
2670,486.668,285.305,73595.05760288495,0.8986316605560538
2680,486.47200000000004,285.22,73500.01681577516,0.8977386264240027
2690,486.276,285.135,73405.04221010504,0.896845868446691
2700,486.08000000000004,285.05,73310.1337960802,0.8959533869958879
2710,485.884,284.965,73215.29158387602,0.8950611824434369
2720,485.68800000000005,284.88,73120.51558363759,0.8941692551612547
2730,485.492,284.795,73025.80580547966,0.8932776055213312
2740,485.296,284.71,72931.16225948659,0.8923862338957285
2750,485.1,284.625,72836.58495571237,0.8914951406565813
2760,484.90400000000005,284.54,72742.07390418048,0.8906043261760955
2770,484.708,284.455,72647.62911488388,0.8897137908265486
2780,484.512,284.37,72553.25059778502,0.8888235349802883
2790,484.31600000000003,284.28499999999997,72458.9383628157,0.8879335590097334
2800,484.12,284.2,72364.69241987712,0.8870438632873718
2810,483.924,284.115,72270.51277883977,0.8861544481857617
2820,483.728,284.03,72176.39944954342,0.8852653140775303
2830,483.5320000000001,283.945,72082.35244179705,0.8843764613353723
2840,483.336,283.86,71988.37176537886,0.8834878903320522
2850,483.14,283.775,71894.45743003614,0.8825996014404013
2860,482.9440000000001,283.69,71800.60944548532,0.881711595033318
2870,482.7480000000001,283.605,71706.8278214118,0.8808238714837677
2880,482.55199999999996,283.52,71613.11256747009,0.8799364311647834
2890,482.35600000000005,283.435,71519.46369328359,0.879049274449462
2900,482.1600000000001,283.35,71425.88120844463,0.8781624017109677
2910,481.96400000000006,283.265,71332.36512251441,0.8772758133225289
2920,481.76800000000003,283.18,71238.91544502298,0.8763895096574388
2930,481.57200000000006,283.095,71145.53218546916,0.8755034910890547
2940,481.37600000000003,283.01,71052.21535332048,0.874617757990798
2950,481.18000000000006,282.925,70958.96495801322,0.8737323107361528
2960,480.98400000000004,282.84,70865.78100895225,0.8728471496986664
2970,480.78800000000007,282.755,70772.66351551111,0.8719622752519485
2980,480.59200000000004,282.67,70679.61248703185,0.8710776877696705
2990,480.3960000000001,282.585,70586.62793282505,0.8701933876255659
3000,480.20000000000005,282.5,70493.7098621698,0.8693093751934283
3010,480.0040000000001,282.415,70400.85828431355,0.8684256508471124
3020,479.80800000000005,282.33,70308.07320847217,0.8675422149605329
3030,479.612,282.245,70215.3546438299,0.866659067907664
3040,479.41600000000005,282.16,70122.70259953923,0.8657762100625398
3050,479.2200000000001,282.075,70030.11708472091,0.864893641799252
3060,479.024,281.99,69937.5981084639,0.8640113634919511
3070,478.82800000000003,281.905,69845.14567982535,0.8631293755148459
3080,478.63200000000006,281.82,69752.75980783046,0.8622476782422016
3090,478.43600000000004,281.735,69660.44050147256,0.8613662720483408
3100,478.24,281.65,69568.18776971298,0.8604851573076427
3110,478.04400000000004,281.565,69476.00162148105,0.8596043343945418
3120,477.848,281.48,69383.88206567404,0.8587238036835289
3130,477.65200000000004,281.395,69291.82911115706,0.8578435655491486
3140,477.456,281.31,69199.84276676316,0.8569636203660017
3150,477.26000000000005,281.225,69107.92304129314,0.8560839685087416
3160,477.064,281.14,69016.06994351553,0.855204610352076
3170,476.868,281.055,68924.28348216663,0.8543255462707651
3180,476.672,280.97,68832.56366595041,0.8534467766396227
3190,476.47600000000006,280.885,68740.9105035384,0.8525683018335138
3200,476.28,280.8,68649.3240035698,0.851690122227356
3210,476.084,280.715,68557.80417465129,0.8508122381961174
3220,475.88800000000003,280.63,68466.35102535703,0.849934650114817
3230,475.692,280.545,68374.96456422868,0.849057358358524
3240,475.496,280.46,68283.64479977524,0.8481803633023579
3250,475.3,280.375,68192.39174047313,0.8473036653214868
3260,475.104,280.29,68101.20539476602,0.8464272647911277
3270,474.908,280.205,68010.08577106487,0.8455511620865467
3280,474.712,280.12,67919.0328777479,0.8446753575830566
3290,474.5160000000001,280.035,67828.04672316044,0.8437998516560182
3300,474.32,279.95,67737.127315615,0.8429246446808393
3310,474.1240000000001,279.865,67646.27466339114,0.8420497370329735
3320,473.92800000000005,279.78,67555.48877473551,0.8411751290879207
3330,473.7320000000001,279.695,67464.76965786172,0.8403008212212263
3340,473.53600000000006,279.61,67374.11732095035,0.8394268138084802
3350,473.34000000000003,279.525,67283.53177214885,0.8385531072253172
3360,473.14400000000006,279.44,67193.01301957159,0.8376797018474152
3370,472.9480000000001,279.355,67102.56107129971,0.8368065980504966
3380,472.752,279.27,67012.17593538115,0.8359337962103259
3390,472.55600000000004,279.185,66921.85761983058,0.8350612967027107
3400,472.36000000000007,279.1,66831.60613262931,0.8341890999034995
3410,472.16400000000004,279.015,66741.42148172531,0.8333172061885833
3420,471.968,278.93,66651.30367503318,0.8324456159338937
3430,471.77200000000005,278.845,66561.252720434,0.8315743295154022
3440,471.5760000000001,278.76,66471.2686257754,0.8307033473091211
3450,471.38000000000005,278.675,66381.35139887145,0.8298326696911017
3460,471.184,278.59000000000003,66291.50104750262,0.8289622970374336
3470,470.98800000000006,278.505,66201.71757941575,0.8280922297242461
3480,470.79200000000003,278.42,66112.00100232403,0.8272224681277054
3490,470.596,278.335,66022.35132390687,0.8263530126240155
3500,470.40000000000003,278.25,65932.76855180996,0.825483863589417
3510,470.20400000000006,278.165,65843.25269364516,0.8246150214001875
3520,470.00800000000004,278.08,65753.80375699044,0.8237464864326397
3530,469.812,277.995,65664.4217493899,0.822878259063122
3540,469.61600000000004,277.91,65575.10667835371,0.8220103396680178
3550,469.42,277.825,65485.85855135797,0.8211427286237448
3560,469.22400000000005,277.74,65396.677375844796,0.8202754263067541
3570,469.028,277.655,65307.56315922219,0.8194084330935305
3580,468.83200000000005,277.57,65218.51590886404,0.8185417493605912
3590,468.636,277.485,65129.53563211006,0.8176753754844864
3600,468.44,277.4,65040.62233626572,0.8168093118417972
3610,468.244,277.315,64951.776028602224,0.8159435588091364
3620,468.048,277.23,64862.99671635648,0.815078116763147
3630,467.85200000000003,277.145,64774.28440673101,0.8142129860805031
3640,467.656,277.06,64685.63910689396,0.8133481671379071
3650,467.46000000000004,276.975,64597.06082397901,0.8124836603120918
3660,467.264,276.89,64508.54956508534,0.8116194659798182
3670,467.068,276.805,64420.105337277615,0.8107555845178748
3680,466.872,276.72,64331.728147585876,0.8098920163030782
3690,466.6760000000001,276.635,64243.41800300557,0.8090287617122721
3700,466.4800000000001,276.55,64155.17491049742,0.808165821122326
3710,466.284,276.465,64066.99887698747,0.807303194910136
3720,466.0880000000001,276.38,63978.889909367,0.8064408834526237
3730,465.89200000000005,276.295,63890.8480144924,0.8055788871267342
3740,465.69599999999997,276.21,63802.87319918529,0.8047172063094391
3750,465.50000000000006,276.125,63714.96547023236,0.803855841377732
3760,465.3040000000001,276.04,63627.12483438532,0.8029947927086307
3770,465.10800000000006,275.955,63539.35129836092,0.8021340606791755
3780,464.91200000000003,275.87,63451.644868840835,0.8012736456664287
3790,464.71600000000007,275.78499999999997,63364.00555247167,0.8004135480474742
3800,464.52000000000004,275.7,63276.433355864916,0.7995537681994175
3810,464.324,275.615,63188.92828559685,0.7986943064993839
3820,464.12800000000004,275.53,63101.49034820853,0.7978351633245195
3830,463.9320000000001,275.445,63014.11955020577,0.796976339051989
3840,463.73600000000005,275.36,62926.81589805906,0.796117834058977
3850,463.54,275.275,62839.5793982035,0.7952596487226855
3860,463.34400000000005,275.19,62752.410057038825,0.7944017834203351
3870,463.148,275.105,62665.30788092928,0.7935442385291627
3880,462.95200000000006,275.02,62578.27287620365,0.7926870144264234
3890,462.75600000000003,274.935,62491.305049155126,0.7918301114893866
3900,462.56000000000006,274.85,62404.40440604138,0.7909735300953392
3910,462.36400000000003,274.765,62317.57095308437,0.7901172706215815
3920,462.168,274.68,62230.80469647042,0.7892613334454293
3930,461.97200000000004,274.595,62144.105642350136,0.788405718944212
3940,461.776,274.51,62057.47379683831,0.7875504274952726
3950,461.58000000000004,274.425,61970.909166013946,0.7866954594759661
3960,461.384,274.34,61884.41175592019,0.7858408152636613
3970,461.18800000000005,274.255,61797.98157256425,0.7849864952357368
3980,460.992,274.17,61711.618621917405,0.7841324997695841
3990,460.796,274.085,61625.32290991491,0.783278829242604
4000,460.6,274.0,61539.09444245599,0.7824254840322078
4010,460.40400000000005,273.915,61452.93322540376,0.7815724645158157
4020,460.208,273.83,61366.83926458523,0.7807197710708584
4030,460.012,273.745,61280.81256579118,0.7798674040747726
4040,459.81600000000003,273.65999999999997,61194.853134776204,0.7790153639050046
4050,459.62,273.575,61108.960977258575,0.7781636509390063
4060,459.424,273.49,61023.13609892028,0.7773122655542374
4070,459.228,273.405,60937.37850540692,0.7764612081281634
4080,459.03200000000004,273.32,60851.68820232771,0.7756104790382548
4090,458.836,273.235,60766.065195255345,0.7747600786619867
4100,458.64,273.15,60680.509489726064,0.7739100073768395
4110,458.444,273.065,60595.021091239556,0.7730602655602962
4120,458.2480000000001,272.98,60509.600005258886,0.7722108535898435
4130,458.05199999999996,272.895,60424.24623721049,0.7713617718429711
4140,457.856,272.81,60338.95979248412,0.7705130206971693
4150,457.6600000000001,272.725,60253.7406764328,0.7696646005299312
4160,457.46400000000006,272.64,60168.588894372704,0.7688165117187493
4170,457.268,272.555,60083.50445158329,0.7679687546411178
4180,457.07200000000006,272.47,59998.48735330708,0.7671213296745292
4190,456.87600000000003,272.385,59913.53760474965,0.7662742371964758
4200,456.68000000000006,272.3,59828.655211079684,0.765427477584448
4210,456.48400000000004,272.21500000000003,59743.840177428785,0.7645810512159339
4220,456.28800000000007,272.13,59659.09250889156,0.7637349584684194
4230,456.09200000000004,272.045,59574.41221052547,0.7628891997193867
4240,455.8960000000001,271.96,59489.79928735084,0.762043775346314
4250,455.70000000000005,271.875,59405.25374435081,0.761198685726675
4260,455.5040000000001,271.79,59320.775586471274,0.7603539312379384
4270,455.30800000000005,271.705,59236.36481862082,0.759509512257567
4280,455.112,271.62,59152.021445670725,0.7586654291630172
4290,454.91600000000005,271.535,59067.74547245491,0.7578216823317392
4300,454.7200000000001,271.45,58983.536903769804,0.7569782721411745
4310,454.524,271.365,58899.39574437443,0.7561351989687575
4320,454.32800000000003,271.28,58815.321998990265,0.7552924631919131
4330,454.13200000000006,271.195,58731.31567230123,0.7544500651880575
4340,453.93600000000004,271.11,58647.37676895363,0.7536080053345964
4350,453.74,271.025,58563.50529355613,0.7527662840089255
4360,453.54400000000004,270.94,58479.701250679675,0.7519249015884285
4370,453.348,270.855,58395.964644857486,0.7510838584504785
4380,453.15200000000004,270.77,58312.29548058496,0.7502431549724352
4390,452.956,270.685,58228.69376231968,0.7494027915316458
4400,452.76000000000005,270.6,58145.15949448135,0.7485627685054436
4410,452.564,270.515,58061.69268145172,0.7477230862711484
4420,452.368,270.43,57978.29332757458,0.7468837452060639
4430,452.172,270.345,57894.961437155675,0.7460447456874795
4440,451.97600000000006,270.26,57811.697014462705,0.7452060880926679
4450,451.78,270.175,57728.50006372525,0.7443677727988854
4460,451.584,270.09,57645.37058913473,0.743529800183371
4470,451.38800000000003,270.005,57562.30859484435,0.7426921706233456
4480,451.192,269.92,57479.314084969046,0.7418548844960112
4490,450.996,269.835,57396.387063585484,0.7410179421785517
4500,450.8,269.75,57313.527534731984,0.7401813440481299
4510,450.604,269.665,57230.73550240844,0.7393450904818889
4520,450.408,269.58,57148.010970576346,0.738509181856951
4530,450.212,269.495,57065.353943158705,0.737673618550416
4540,450.0160000000001,269.40999999999997,56982.76442403995,0.736838400939362
4550,449.82,269.325,56900.242417066016,0.7360035294008439
4560,449.6240000000001,269.24,56817.787926044126,0.7351690043118929
4570,449.42800000000005,269.155,56735.4009547429,0.7343348260495165
4580,449.2320000000001,269.07,56653.08150689223,0.7335009949906968
4590,449.03600000000006,268.985,56570.82958618322,0.7326675115123903
4600,448.84000000000003,268.9,56488.64519626819,0.7318343759915281
4610,448.64400000000006,268.815,56406.52834076062,0.7310015888050139
4620,448.4480000000001,268.73,56324.479023235064,0.7301691503297243
4630,448.252,268.645,56242.49724722713,0.7293370609425076
4640,448.05600000000004,268.56,56160.58301623347,0.7285053210201836
4650,447.86000000000007,268.475,56078.73633371167,0.7276739309395428
4660,447.66400000000004,268.39,55996.95720308022,0.7268428910773458
4670,447.468,268.305,55915.24562771852,0.7260122018103218
4680,447.27200000000005,268.22,55833.60161096678,0.7251818635151702
4690,447.0760000000001,268.135,55752.02515612595,0.7243518765685568
4700,446.88000000000005,268.05,55670.51626645779,0.7235222413471163
4710,446.684,267.96500000000003,55589.07494518465,0.722692958227449
4720,446.48800000000006,267.88,55507.70119548961,0.7218640275861223
4730,446.29200000000003,267.795,55426.39502051628,0.7210354497996682
4740,446.096,267.71,55345.15642336886,0.7202072252445845
4750,445.90000000000003,267.625,55263.98540711203,0.7193793542973319
4760,445.70400000000006,267.54,55182.881974770935,0.718551837334336
4770,445.50800000000004,267.455,55101.84612933109,0.7177246747319839
4780,445.312,267.37,55020.877873738464,0.716897866866626
4790,445.11600000000004,267.285,54939.97721089923,0.7160714141145733
4800,444.92,267.2,54859.144143679936,0.7152453168520989
4810,444.72400000000005,267.115,54778.3786749073,0.7144195754554346
4820,444.528,267.03,54697.6808073682,0.7135941903007728
4830,444.33200000000005,266.945,54617.050543809695,0.712769161764264
4840,444.136,266.86,54536.4878869389,0.7119444902220176
4850,443.94,266.775,54455.992839422994,0.7111201760501004
4860,443.744,266.69,54375.56540388914,0.7102962196245358
4870,443.548,266.605,54295.205582924435,0.7094726213213033
4880,443.35200000000003,266.52,54214.91337907588,0.7086493815163383
4890,443.156,266.435,54134.68879485038,0.7078265005855309
4900,442.96000000000004,266.35,54054.53183271457,0.707003978904725
4910,442.764,266.265,53974.44249509491,0.7061818168497188
4920,442.568,266.18,53894.42078437758,0.7053600147962625
4930,442.372,266.095,53814.46670290839,0.704538573120059
4940,442.1760000000001,266.01,53734.58025299279,0.7037174921967622
4950,441.98,265.925,53654.761436895846,0.7028967724019772
4960,441.784,265.84000000000003,53575.010256842106,0.7020764141112588
4970,441.5880000000001,265.755,53495.32671501563,0.7012564177001116
4980,441.392,265.67,53415.710813559956,0.7004367835439888
4990,441.19599999999997,265.585,53336.162554577946,0.6996175120182916
5000,441.00000000000006,265.5,53256.681940131864,0.6987986034983683
5010,440.8040000000001,265.415,53177.26897224325,0.6979800583595143
5020,440.60800000000006,265.33,53097.923652892896,0.6971618769769705
5030,440.41200000000003,265.245,53018.64598402087,0.6963440597259238
5040,440.21600000000007,265.15999999999997,52939.4359675263,0.6955266069815048
5050,440.02000000000004,265.075,52860.29360526754,0.694709519118789
5060,439.824,264.99,52781.218899061954,0.6938927965127939
5070,439.62800000000004,264.905,52702.21185068593,0.6930764395384809
5080,439.4320000000001,264.82,52623.27246187487,0.6922604485707515
5090,439.23600000000005,264.735,52544.4007343231,0.6914448239844502
5100,439.04,264.65,52465.59666968382,0.6906295661543606
5110,438.84400000000005,264.565,52386.86026956911,0.6898146754552064
5120,438.648,264.48,52308.1915355498,0.6890001522616502
5130,438.45200000000006,264.395,52229.59046915549,0.6881859969482934
5140,438.25600000000003,264.31,52151.057071874515,0.6873722098896741
5150,438.06000000000006,264.225,52072.59134515383,0.6865587914602682
5160,437.86400000000003,264.14,51994.193290399024,0.6857457420344872
5170,437.668,264.055,51915.862908974246,0.6849330619866782
5180,437.47200000000004,263.97,51837.60020220217,0.6841207516911233
5190,437.276,263.885,51759.40517136394,0.6833088115220384
5200,437.08000000000004,263.8,51681.27781769915,0.6824972418535726
5210,436.884,263.715,51603.21814240575,0.6816860430598083
5220,436.68800000000005,263.63,51525.226146640045,0.6808752155147588
5230,436.492,263.545,51447.30183151663,0.6800647595923696
5240,436.296,263.46,51369.445198108326,0.6792546756665158
5250,436.1,263.375,51291.65624744621,0.6784449641110032
5260,435.90400000000005,263.29,51213.93498051945,0.6776356252995656
5270,435.708,263.205,51136.281398275365,0.6768266596058661
5280,435.512,263.12,51058.695501619295,0.6760180674034943
5290,435.31600000000003,263.03499999999997,50981.17729141466,0.6752098490659681
5300,435.12,262.95,50903.726768482775,0.67440200496673
5310,434.924,262.865,50826.34393360296,0.6735945354791493
5320,434.728,262.78,50749.02878751235,0.6727874409765188
5330,434.53200000000004,262.695,50671.78133090594,0.6719807218320561
5340,434.336,262.61,50594.60156443652,0.6711743784189016
5350,434.14,262.525,50517.48948871459,0.6703684111101185
5360,433.944,262.44,50440.44510430839,0.6695628202786911
5370,433.748,262.355,50363.468411743794,0.6687576062975258
5380,433.55199999999996,262.27,50286.55941150426,0.6679527695394486
5390,433.356,262.185,50209.71810403083,0.6671483103772047
5400,433.1600000000001,262.1,50132.944489722046,0.6663442291834591
5410,432.96400000000006,262.015,50056.23856893392,0.6655405263307942
5420,432.768,261.93,49979.600341979894,0.6647372021917097
5430,432.57200000000006,261.845,49903.029809130785,0.6639342571386223
5440,432.37600000000003,261.76,49826.526970614716,0.6631316915438643
5450,432.18000000000006,261.675,49750.09182661714,0.6623295057796831
5460,431.98400000000004,261.59,49673.7243772807,0.6615277002182405
5470,431.78800000000007,261.505,49597.424622705264,0.6607262752316118
5480,431.59200000000004,261.42,49521.19256294786,0.6599252311917857
5490,431.396,261.335,49445.028198022555,0.659124568470662
5500,431.20000000000005,261.25,49368.931527900546,0.6583242874400528
5510,431.004,261.165,49292.902552510015,0.6575243884716805
5520,430.80800000000005,261.08,49216.94127173607,0.6567248719371771
5530,430.612,260.995,49141.047685420795,0.6559257382080839
5540,430.41600000000005,260.90999999999997,49065.221793363125,0.6551269876558509
5550,430.22,260.825,48989.463595318826,0.6543286206518347
5560,430.024,260.74,48913.773091000454,0.6535306375673002
5570,429.82800000000003,260.655,48838.150280077265,0.6527330387734169
5580,429.63200000000006,260.57,48762.595162175254,0.6519358246412604
5590,429.43600000000004,260.485,48687.107736877064,0.6511389955418109
5600,429.24,260.4,48611.68800372187,0.6503425518459519
5610,429.04400000000004,260.315,48536.335962205514,0.6495464939244703
5620,428.848,260.23,48461.05161178023,0.6487508221480549
5630,428.65200000000004,260.145,48385.83495185479,0.6479555368872962
5640,428.456,260.06,48310.685981794384,0.6471606385126858
5650,428.26000000000005,259.975,48235.60470092055,0.6463661273946144
5660,428.064,259.89,48160.59110851115,0.6455720039033725
5670,427.868,259.805,48085.64520380036,0.6447782684091486
5680,427.672,259.72,48010.76698597857,0.6439849212820292
5690,427.47600000000006,259.635,47935.956454192354,0.6431919628919972
5700,427.28000000000003,259.55,47861.21360754448,0.6423993936089321
5710,427.084,259.46500000000003,47786.53844509376,0.6416072138026081
5720,426.88800000000003,259.38,47711.9309658551,0.6408154238426944
5730,426.692,259.295,47637.39116879939,0.6400240240987533
5740,426.49600000000004,259.21,47562.9190528535,0.6392330149402409
5750,426.3,259.125,47488.51461690023,0.6384423967365045
5760,426.10400000000004,259.04,47414.177859778254,0.6376521698567837
5770,425.908,258.955,47339.90878028205,0.6368623346702083
5780,425.712,258.87,47265.70737716191,0.6360728915457974
5790,425.516,258.785,47191.57364912386,0.6352838408524599
5800,425.32,258.7,47117.50759482957,0.6344951829589921
5810,425.1240000000001,258.615,47043.50921289646,0.6337069182340788
5820,424.928,258.53,46969.57850189747,0.6329190470462903
5830,424.7320000000001,258.445,46895.71546036114,0.6321315697640837
5840,424.53600000000006,258.36,46821.920086771504,0.6313444867558001
5850,424.34,258.275,46748.19237956808,0.6305577983896662
5860,424.14400000000006,258.19,46674.53233714577,0.6297715050337903
5870,423.9480000000001,258.105,46600.93995785493,0.6289856070561655
5880,423.75200000000007,258.02,46527.41524000117,0.6282001048246648
5890,423.55600000000004,257.935,46453.95818184546,0.6274149987070438
5900,423.36000000000007,257.85,46380.56878160396,0.6266302890709371
5910,423.16400000000004,257.765,46307.24703744804,0.6258459762838596
5920,422.968,257.68,46233.992947504245,0.6250620607132041
5930,422.77200000000005,257.595,46160.806509854214,0.6242785427262421
5940,422.5760000000001,257.51,46087.68772253464,0.623495422690121
5950,422.38000000000005,257.425,46014.63658353728,0.6227127009718658
5960,422.184,257.34000000000003,45941.653090808795,0.6219303779383754
5970,421.98800000000006,257.255,45868.73724225083,0.6211484539564243
5980,421.79200000000003,257.17,45795.8890357199,0.6203669293926602
5990,421.596,257.085,45723.10846902735,0.6195858046136045
6000,421.40000000000003,257.0,45650.395539939345,0.6188050799856496
6010,421.20400000000006,256.915,45577.750246176765,0.61802475587506
6020,421.00800000000004,256.83,45505.172585415225,0.6172448326479707
6030,420.812,256.745,45432.66255528499,0.6164653106703859
6040,420.61600000000004,256.66,45360.22015337094,0.6156861903081791
6050,420.42,256.575,45287.845377212514,0.6149074719270915
6060,420.22400000000005,256.49,45215.53822430373,0.6141291558927318
6070,420.028,256.405,45143.29869209301,0.6133512425705747
6080,419.83200000000005,256.32,45071.126777983285,0.6125737323259606
6090,419.636,256.235,44999.02247933184,0.6117966255240951
6100,419.44,256.15,44926.98579345031,0.6110199225300467
6110,419.244,256.065,44855.01671760465,0.6102436237087479
6120,419.048,255.98000000000002,44783.11524901508,0.6094677294249927
6130,418.85200000000003,255.895,44711.281384855996,0.608692240043437
6140,418.656,255.81,44639.515122256,0.6079171559285971
6150,418.46000000000004,255.725,44567.81645829782,0.6071424774448487
6160,418.264,255.64,44496.18539001826,0.6063682049564271
6170,418.068,255.555,44424.62191440816,0.6055943388274247
6180,417.872,255.47,44353.12602841234,0.6048208794217919
6190,417.676,255.385,44281.69772892959,0.6040478271033349
6200,417.48,255.3,44210.33701281261,0.603275182235716
6210,417.284,255.215,44139.043876867916,0.6025029451824513
6220,417.0880000000001,255.13,44067.818317855905,0.6017311163069116
6230,416.892,255.04500000000002,43996.66033249069,0.60095969597232
6240,416.69599999999997,254.96,43925.56991744015,0.6001886845417523
6250,416.50000000000006,254.875,43854.547069325825,0.5994180823781352
6260,416.3040000000001,254.79,43783.59178472291,0.598647889844246
6270,416.10800000000006,254.70499999999998,43712.70406016017,0.5978781073027113
6280,415.91200000000003,254.62,43641.88389211995,0.5971087351160065
6290,415.71600000000007,254.535,43571.1312770381,0.5963397736464553
6300,415.52000000000004,254.45,43500.446211303904,0.5955712232562277
6310,415.32400000000007,254.365,43429.8286912601,0.5948030843073403
6320,415.12800000000004,254.28,43359.278713202795,0.594035357161655
6330,414.9320000000001,254.195,43288.796273381406,0.5932680421808779
6340,414.73600000000005,254.11,43218.38136799866,0.592501139726559
6350,414.54,254.025,43148.03399321052,0.5917346501600904
6360,414.34400000000005,253.94,43077.75414512613,0.5909685738427065
6370,414.148,253.855,43007.541819807826,0.5902029111354826
6380,413.95200000000006,253.76999999999998,42937.39701327103,0.5894376623993342
6390,413.75600000000003,253.685,42867.31972148426,0.5886728279950156
6400,413.56000000000006,253.6,42797.309940369014,0.5879084082831201
6410,413.36400000000003,253.515,42727.36766579982,0.5871444036240779
6420,413.168,253.43,42657.492893604096,0.5863808143781561
6430,412.97200000000004,253.345,42587.685619562195,0.5856176409054576
6440,412.776,253.26,42517.94583940729,0.58485488356592
6450,412.58000000000004,253.175,42448.2735488254,0.5840925427193148
6460,412.384,253.09,42378.66874345525,0.583330618725247
6470,412.18800000000005,253.005,42309.131418888326,0.5825691119431536
6480,411.992,252.92000000000002,42239.66157066878,0.5818080227323028
6490,411.796,252.835,42170.25919429341,0.5810473514517938
6500,411.6,252.75,42100.924285211564,0.5802870984605544
6510,411.404,252.665,42031.65683882519,0.5795272641173423
6520,411.208,252.57999999999998,41962.45685048867,0.578767848780742
6530,411.012,252.495,41893.32431550892,0.5780088528091655
6540,410.81600000000003,252.41,41824.25922914523,0.5772502765608508
6550,410.62,252.325,41755.26158660925,0.5764921203938609
6560,410.424,252.24,41686.331383065015,0.5757343846660833
6570,410.228,252.155,41617.46861362878,0.5749770697352283
6580,410.03200000000004,252.07,41548.67327336907,0.5742201759588292
6590,409.836,251.985,41479.945357306635,0.5734637036942407
6600,409.64,251.9,41411.284860414344,0.5727076532986383
6610,409.444,251.815,41342.691777617205,0.5719520251290171
6620,409.248,251.73,41274.166103792275,0.5711968195421911
6630,409.052,251.64499999999998,41205.70783376867,0.5704420368947926
6640,408.856,251.56,41137.316962327466,0.5696876775432703
6650,408.6600000000001,251.475,41068.99348420167,0.5689337418438897
6660,408.464,251.39,41000.73739407623,0.5681802301527317
6670,408.268,251.305,40932.548686587914,0.5674271428256906
6680,408.07200000000006,251.22,40864.42735632532,0.5666744802184753
6690,407.876,251.135,40796.37339782882,0.5659222426866065
6700,407.68000000000006,251.05,40728.38680559048,0.5651704305854165
6710,407.48400000000004,250.965,40660.467574054106,0.5644190442700492
6720,407.28800000000007,250.88,40592.61569761511,0.5636680840954573
6730,407.09200000000004,250.795,40524.83117062051,0.562917550416403
6740,406.896,250.70999999999998,40457.113987368895,0.5621674435874563
6750,406.70000000000005,250.625,40389.46414211035,0.5614177639629941
6760,406.504,250.54,40321.88162904644,0.5606685118971997
6770,406.30800000000005,250.45499999999998,40254.36644233015,0.5599196877440613
6780,406.112,250.37,40186.9185760659,0.5591712918573721
6790,405.91600000000005,250.285,40119.5380243094,0.5584233245907281
6800,405.72,250.2,40052.22478106766,0.5576757862975276
6810,405.524,250.115,39984.97884029902,0.5569286773309712
6820,405.32800000000003,250.03,39917.80019591295,0.5561819980440591
6830,405.132,249.945,39850.68884177016,0.5554357487895923
6840,404.93600000000004,249.85999999999999,39783.64477168247,0.5546899299201696
6850,404.74,249.775,39716.66797941279,0.5539445417881882
6860,404.54400000000004,249.69,39649.75845867509,0.553199584745842
6870,404.348,249.605,39582.91620313434,0.5524550591451209
6880,404.15200000000004,249.52,39516.141206406464,0.5517109653378097
6890,403.956,249.435,39449.43346205834,0.5509673036754874
6900,403.76000000000005,249.35,39382.79296360771,0.5502240745095264
6910,403.564,249.26500000000001,39316.21970452315,0.5494812781910906
6920,403.36800000000005,249.18,39249.71367822405,0.5487389150711361
6930,403.172,249.095,39183.27487808055,0.5479969855004089
6940,402.97600000000006,249.01,39116.903297413475,0.5472554898294438
6950,402.78000000000003,248.925,39050.59892949439,0.5465144284085652
6960,402.584,248.84,38984.36176754543,0.5457738015878845
6970,402.38800000000003,248.755,38918.19180473934,0.5450336097172992
6980,402.192,248.67000000000002,38852.08903419942,0.5442938531464929
6990,401.99600000000004,248.585,38786.053448999475,0.5435545322249341
7000,401.8,248.5,38720.085042163766,0.5428156473018745
7010,401.60400000000004,248.41500000000002,38654.18380666699,0.5420771987263487
7020,401.408,248.33,38588.349735434196,0.5413391868471733
7030,401.212,248.245,38522.58282134081,0.5406016120129454
7040,401.016,248.16,38456.88305721256,0.5398644745720428
7050,400.82,248.075,38391.25043582538,0.5391277748726209
7060,400.6240000000001,247.99,38325.68494990549,0.5383915132626145
7070,400.428,247.905,38260.186592129234,0.5376556900897346
7080,400.2320000000001,247.82,38194.75535512312,0.5369203057014683
7090,400.03600000000006,247.735,38129.391231463735,0.5361853604450781
7100,399.84,247.65,38064.094213677716,0.5354508546676007
7110,399.64400000000006,247.565,37998.864294241714,0.5347167887158455
7120,399.44800000000004,247.48000000000002,37933.70146558237,0.5339831629363946
7130,399.25200000000007,247.395,37868.60572007623,0.533249977675601
7140,399.05600000000004,247.31,37803.57705004973,0.5325172332795882
7150,398.86000000000007,247.225,37738.61544777918,0.531784930094249
7160,398.66400000000004,247.14,37673.72090549066,0.5310530684652444
7170,398.468,247.055,37608.89341536006,0.5303216487380027
7180,398.27200000000005,246.97,37544.13296951294,0.529590671257719
7190,398.0760000000001,246.885,37479.4395600246,0.5288601363693534
7200,397.88000000000005,246.8,37414.81317891995,0.5281300444176305
7210,397.684,246.715,37350.253818173514,0.5274003957470385
7220,397.48800000000006,246.63,37285.76146970939,0.5266711907018279
7230,397.29200000000003,246.54500000000002,37221.33612540119,0.525942429626011
7240,397.09600000000006,246.46,37156.977777072,0.5252141128633603
7250,396.90000000000003,246.375,37092.68641649437,0.524486240757408
7260,396.70400000000006,246.29,37028.462035390236,0.5237588136514449
7270,396.50800000000004,246.20499999999998,36964.3046254309,0.5230318318885192
7280,396.312,246.12,36900.214178236994,0.5223052958114358
7290,396.11600000000004,246.035,36836.19068537841,0.5215792057627551
7300,395.92,245.95,36772.234138374304,0.520853562084792
7310,395.72400000000005,245.865,36708.34452869304,0.5201283651196154
7320,395.528,245.78,36644.52184775211,0.5194036152090465
7330,395.33200000000005,245.695,36580.766086918156,0.5186793126946582
7340,395.136,245.61,36517.077237506914,0.5179554579177742
7350,394.94,245.525,36453.45529078312,0.5172320512194672
7360,394.744,245.44,36389.900237960544,0.5165090929405596
7370,394.548,245.35500000000002,36326.41207020191,0.5157865834216202
7380,394.35200000000003,245.27,36262.99077861887,0.5150645230029656
7390,394.156,245.185,36199.63635427195,0.514342912024657
7400,393.96000000000004,245.1,36136.34878817054,0.5136217508265013
7410,393.764,245.015,36073.12807127282,0.5129010397480482
7420,393.568,244.93,36009.97419448574,0.5121807791285903
7430,393.372,244.845,35946.887148664944,0.5114609693071616
7440,393.176,244.76,35883.86692461483,0.5107416106225373
7450,392.98,244.675,35820.91351308838,0.5100227034132314
7460,392.784,244.59,35758.02690478724,0.5093042480174974
7470,392.5880000000001,244.505,35695.20709036157,0.5085862447733254
7480,392.392,244.42000000000002,35632.454060410106,0.5078686940184428
7490,392.19599999999997,244.335,35569.767805480034,0.5071515960903124
7500,392.0,244.25,35507.14831606702,0.5064349513261309
7510,391.8040000000001,244.165,35444.595582615155,0.5057187600628297
7520,391.60800000000006,244.07999999999998,35382.109595516864,0.5050030226370716
7530,391.412,243.995,35319.69034511295,0.5042877393852516
7540,391.21600000000007,243.91,35257.337821692476,0.5035729106434946
7550,391.02000000000004,243.825,35195.0520154928,0.5028585367476557
7560,390.82400000000007,243.74,35132.832916699466,0.5021446180333172
7570,390.62800000000004,243.655,35070.68051544621,0.5014311548357899
7580,390.4320000000001,243.57,35008.59480181494,0.5007181474901109
7590,390.23600000000005,243.485,34946.57576583563,0.5000055963310419
7600,390.04,243.4,34884.62339748631,0.49929350169306924
7610,389.84400000000005,243.315,34822.73768669311,0.49858186391040304
7620,389.648,243.23000000000002,34760.91862333006,0.49787068331697476
7630,389.45200000000006,243.14499999999998,34699.16619721919,0.49715996024643794
7640,389.25600000000003,243.06,34637.48039813044,0.49644969503216557
7650,389.06000000000006,242.975,34575.86121578163,0.49573988800725044
7660,388.86400000000003,242.89,34514.308639838404,0.49503053950450304
7670,388.668,242.805,34452.82265991419,0.49432164985645083
7680,388.47200000000004,242.72,34391.403265570225,0.4936132193953378
7690,388.276,242.635,34330.05044631543,0.4929052484531225
7700,388.08000000000004,242.55,34268.76419160641,0.4921977373614773
7710,387.884,242.465,34207.54449084743,0.4914906864517879
7720,387.68800000000005,242.38,34146.391333390384,0.49078409605515183
7730,387.492,242.29500000000002,34085.30470853472,0.4900779665023773
7740,387.296,242.20999999999998,34024.284605527406,0.489372298123982
7750,387.1,242.125,33963.33101356294,0.48866709125019286
7760,386.904,242.04,33902.44392178326,0.4879623462109442
7770,386.708,241.95499999999998,33841.623319277736,0.487258063335877
7780,386.512,241.87,33780.86919508311,0.4865542429543377
7790,386.31600000000003,241.785,33720.181538183504,0.48585088539537763
7800,386.12,241.7,33659.560337510324,0.48514799098775135
7810,385.924,241.615,33599.00558194225,0.48444556005991557
7820,385.728,241.53,33538.51726030522,0.48374359294002883
7830,385.53200000000004,241.445,33478.095361372354,0.48304208995594955
7840,385.336,241.36,33417.73987386394,0.48234105143523537
7850,385.14,241.27499999999998,33357.45078644742,0.4816404777051431
7860,384.944,241.19,33297.22808773729,0.48094036909262505
7870,384.748,241.10500000000002,33237.07176629512,0.48024072592433076
7880,384.552,241.01999999999998,33176.98181062948,0.4795415485266043
7890,384.356,240.935,33116.95820919596,0.478842837225484
7900,384.1600000000001,240.85,33057.000950397036,0.47814459234670037
7910,383.964,240.765,32997.11002258215,0.4774468142156764
7920,383.768,240.68,32937.28541404758,0.47674950315752557
7930,383.57200000000006,240.595,32877.52711303647,0.476052659497051
7940,383.376,240.51,32817.83510773872,0.47535628355874404
7950,383.18000000000006,240.425,32758.209386291026,0.474660375666784
7960,382.98400000000004,240.34,32698.649936776816,0.47396493614503665
7970,382.78800000000007,240.255,32639.15674722618,0.4732699653170527
7980,382.59200000000004,240.17000000000002,32579.72980561591,0.47257546350606755
7990,382.396,240.08499999999998,32520.36909986935,0.47188143103499924
8000,382.20000000000005,240.0,32461.074617856513,0.4711878682264488
8010,382.004,239.915,32401.846347393897,0.4704947754026976
8020,381.80800000000005,239.82999999999998,32342.68427624453,0.469802152885707
8030,381.612,239.745,32283.58839211793,0.4691100009971174
8040,381.41600000000005,239.66,32224.55868267004,0.46841832005824713
8050,381.22,239.575,32165.59513550323,0.46772711039009107
8060,381.024,239.49,32106.697738166222,0.4670363723133196
8070,380.82800000000003,239.405,32047.866478154087,0.4663461061482778
8080,380.632,239.32,31989.101342908194,0.46565631221498416
8090,380.43600000000004,239.235,31930.40231981619,0.4649669908331294
8100,380.24,239.14999999999998,31871.769396211912,0.46427814232207565
8110,380.04400000000004,239.065,31813.202559375455,0.463589767000855
8120,379.848,238.98,31754.701796533023,0.4629018651881689
8130,379.65200000000004,238.895,31696.267094856987,0.46221443720238664
8140,379.456,238.81,31637.89844146577,0.46152748336154414
8150,379.26000000000005,238.72500000000002,31579.595823423915,0.46084100398334377
8160,379.064,238.64,31521.359227741897,0.4601549993851517
8170,378.86800000000005,238.555,31463.188641376273,0.45946946988399834
8180,378.672,238.47,31405.08405122948,0.45878441579657614
8190,378.47600000000006,238.385,31347.04544414994,0.4580998374392395
8200,378.28000000000003,238.3,31289.072806931916,0.4574157351280026
8210,378.084,238.215,31231.166126315526,0.45673210917853874
8220,377.88800000000003,238.13,31173.325388986734,0.4560489599061797
8230,377.692,238.04500000000002,31115.550581577263,0.4553662876259139
8240,377.49600000000004,237.96,31057.841690664587,0.4546840926523857
8250,377.3,237.875,31000.198702771915,0.45400237529989423
8260,377.10400000000004,237.79000000000002,30942.621604368123,0.4533211358823921
8270,376.908,237.70499999999998,30885.110381867737,0.4526403747134848
8280,376.712,237.62,30827.66502163091,0.4519600921064287
8290,376.516,237.535,30770.28550996334,0.45128028837413053
8300,376.32,237.45,30712.97183311634,0.45060096382914683
8310,376.1240000000001,237.365,30655.723977286696,0.4499221187836818
8320,375.928,237.28,30598.541928616647,0.449243753549586
8330,375.7320000000001,237.195,30541.425673193953,0.4485658684383568
8340,375.53600000000006,237.11,30484.375197051722,0.4478884637611352
8350,375.34,237.025,30427.390486168482,0.44721153982870687
8360,375.14400000000006,236.94,30370.471526468118,0.44653509695149934
8370,374.94800000000004,236.85500000000002,30313.618303819814,0.4458591354395816
8380,374.75200000000007,236.76999999999998,30256.830804038025,0.44518365560266254
8390,374.55600000000004,236.685,30200.109012882487,0.44450865775009046
8400,374.36000000000007,236.60000000000002,30143.452916058144,0.44383414219085154
8410,374.16400000000004,236.515,30086.862499215116,0.4431601092335688
8420,373.9680000000001,236.43,30030.337747948703,0.44248655918650076
8430,373.77200000000005,236.345,29973.8786477993,0.4418134923575408
8440,373.576,236.26,29917.48518425241,0.44114090905421555
8450,373.38000000000005,236.175,29861.157342738592,0.4404688095836839
8460,373.184,236.09,29804.89510863341,0.43979719425273583
8470,372.98800000000006,236.005,29748.698467257458,0.43912606336779175
8480,372.79200000000003,235.92000000000002,29692.56740387626,0.4384554172349003
8490,372.59600000000006,235.835,29636.50190370028,0.43778525615973835
8500,372.40000000000003,235.75,29580.50195188489,0.43711558044760934
8510,372.20400000000006,235.66500000000002,29524.56753353032,0.436446390403442
8520,372.00800000000004,235.57999999999998,29468.698633681637,0.43577768633178954
8530,371.812,235.495,29412.895237328717,0.43510946853682825
8540,371.61600000000004,235.41,29357.157329406207,0.4344417373223565
8550,371.42,235.325,29301.48489479348,0.43377449299179344
8560,371.22400000000005,235.24,29245.877918314643,0.4331077358481781
8570,371.028,235.155,29190.33638473847,0.43244146619416823
8580,370.83200000000005,235.07,29134.860278778386,0.4317756843320388
8590,370.636,234.985,29079.44958509244,0.4311103905636813
8600,370.44,234.9,29024.104288283226,0.4304455851906017
8610,370.244,234.815,28968.82437289796,0.42978126851392107
8620,370.048,234.73000000000002,28913.609823428364,0.42911744083437264
8630,369.85200000000003,234.64499999999998,28858.460624310603,0.4284541024523013
8640,369.656,234.56,28803.376759925377,0.42779125366766274
8650,369.46000000000004,234.475,28748.358214597778,0.4271288947800219
8660,369.264,234.39,28693.404972597313,0.426467026088552
8670,369.068,234.305,28638.51701813787,0.42580564789203323
8680,368.872,234.22,28583.694335377666,0.4251447604888519
8690,368.676,234.135,28528.936908419248,0.42448436417699875
8700,368.48,234.05,28474.244721309424,0.4238244592540681
8710,368.284,233.965,28419.617758039294,0.4231650460172573
8720,368.088,233.88,28365.05600254414,0.42250612476336413
8730,367.892,233.79500000000002,28310.559438703465,0.42184769578878684
8740,367.6960000000001,233.70999999999998,28256.12805034094,0.42118975938952297
8750,367.5,233.625,28201.76182122436,0.4205323158611671
8760,367.304,233.54000000000002,28147.460735065633,0.419875365498911
8770,367.10800000000006,233.45499999999998,28093.22477552073,0.41921890859754135
8780,366.912,233.37,28039.053926189696,0.4185629454514394
8790,366.71600000000007,233.285,27984.948170616593,0.41790747635457975
8800,366.52000000000004,233.2,27930.90749228945,0.4172525016005282
8810,366.32400000000007,233.115,27876.931874640282,0.4165980214824417
8820,366.12800000000004,233.03,27823.021301045017,0.4159440362930667
8830,365.9320000000001,232.945,27769.175754823507,0.4152905463247381
8840,365.73600000000005,232.86,27715.39521923948,0.41463755186937795
8850,365.54,232.775,27661.679677500495,0.41398505321849427
8860,365.34400000000005,232.69,27608.029112757955,0.4133330506631801
8870,365.148,232.60500000000002,27554.443508107022,0.41268154449411165
8880,364.95200000000006,232.51999999999998,27500.922846586658,0.41203053500154846
8890,364.75600000000003,232.435,27447.467111179532,0.41138002247533034
8900,364.56000000000006,232.35,27394.076284812036,0.41073000720487807
8910,364.36400000000003,232.265,27340.75035035425,0.4100804894791912
8920,364.168,232.18,27287.489290619877,0.4094314695868465
8930,363.97200000000004,232.095,27234.293088366274,0.4087829478159979
8940,363.776,232.01,27181.161726294384,0.40813492445437444
8950,363.58000000000004,231.925,27128.095187048715,0.4074873997892792
8960,363.384,231.84,27075.093453217334,0.4068403741075889
8970,363.18800000000005,231.755,27022.156507331794,0.40619384769575095
8980,362.992,231.67000000000002,26969.284331867195,0.4055478208397848
8990,362.796,231.58499999999998,26916.47690924201,0.40490229382527776
9000,362.6,231.5,26863.734221818224,0.40425726693738645
9010,362.404,231.415,26811.05625190121,0.4036127404608344
9020,362.208,231.32999999999998,26758.442981739703,0.4029687146799105
9030,362.012,231.245,26705.89439352581,0.4023251898784686
9040,361.81600000000003,231.16,26653.41046939497,0.40168216633992615
9050,361.62,231.075,26600.991191425906,0.40103964434726236
9060,361.42400000000004,230.99,26548.636541640633,0.4003976241830179
9070,361.228,230.905,26496.346502004417,0.3997561061292931
9080,361.032,230.82,26444.12105442574,0.39911509046774696
9090,360.836,230.735,26391.96018075629,0.39847457747959575
9100,360.64,230.64999999999998,26339.863862790917,0.3978345674456124
9110,360.444,230.565,26287.83208226764,0.3971950606461244
9120,360.248,230.48000000000002,26235.864820867566,0.3965560573610132
9130,360.052,230.39499999999998,26183.962060214933,0.39591755786971317
9140,359.856,230.31,26132.123781877035,0.39527956245120954
9150,359.6600000000001,230.225,26080.3499673642,0.39464207138403806
9160,359.464,230.14,26028.640598129794,0.3940050849462835
9170,359.268,230.055,25976.99565557018,0.39336860341557833
9180,359.07200000000006,229.97,25925.41512102468,0.3927326270691015
9190,358.876,229.885,25873.898975775563,0.3920971561835773
9200,358.68000000000006,229.8,25822.44720104803,0.3914621910352743
9210,358.48400000000004,229.715,25771.059778010167,0.39082773190000386
9220,358.28800000000007,229.63,25719.73668777295,0.39019377905311925
9230,358.09200000000004,229.54500000000002,25668.477911390182,0.38956033276951385
9240,357.896,229.45999999999998,25617.283429858504,0.3889273933236206
9250,357.70000000000005,229.375,25566.15322411737,0.3882949609894107
9260,357.504,229.29,25515.08727504896,0.38766303604039126
9270,357.30800000000005,229.20499999999998,25464.08556347828,0.38703161874960623
9280,357.112,229.12,25413.148070173007,0.3864007093896331
9290,356.91600000000005,229.035,25362.274775843536,0.38577030823258274
9300,356.72,228.95,25311.46566114297,0.3851404155500982
9310,356.524,228.865,25260.72070666703,0.3845110316133527
9320,356.32800000000003,228.78,25210.039892954122,0.38388215669304976
9330,356.132,228.695,25159.423200485206,0.38325379105942026
9340,355.93600000000004,228.61,25108.870609683876,0.38262593498222264
9350,355.74,228.52499999999998,25058.38210091628,0.3819985887307414
9360,355.54400000000004,228.44,25007.957654491103,0.38137175257378486
9370,355.348,228.355,24957.597250659557,0.3807454267796854
9380,355.15200000000004,228.27,24907.300869615345,0.38011961161629704
9390,354.956,228.185,24857.06849149467,0.3794943073509952
9400,354.76000000000005,228.10000000000002,24806.900096376154,0.37886951425067433
9410,354.564,228.015,24756.795664280857,0.3782452325817476
9420,354.36800000000005,227.93,24706.7551751723,0.3776214626101458
9430,354.172,227.845,24656.778608956305,0.3769982046013146
9440,353.97600000000006,227.76,24606.865945481153,0.37637545882021584
9450,353.78000000000003,227.675,24557.017164537385,0.37575322553132334
9460,353.584,227.59,24507.23224585792,0.3751315049986242
9470,353.38800000000003,227.505,24457.511169117966,0.37451029748561626
9480,353.192,227.42000000000002,24407.853913934992,0.37388960325530674
9490,352.99600000000004,227.335,24358.260459868765,0.3732694225702121
9500,352.8,227.25,24308.730786421238,0.3726497556923553
9510,352.60400000000004,227.16500000000002,24259.264873036627,0.3720306028832659
9520,352.408,227.07999999999998,24209.862699101333,0.3714119644039782
9530,352.212,226.995,24160.524243943913,0.3707938405150296
9540,352.016,226.91,24111.249486835106,0.3701762314764605
9550,351.82,226.825,24062.038406987755,0.3695591375478116
9560,351.624,226.74,24012.890983556863,0.3689425589881242
9570,351.428,226.655,23963.807195639478,0.3683264960559376
9580,351.2320000000001,226.57,23914.787022274744,0.36771094900928836
9590,351.036,226.485,23865.830442443883,0.3670959181057098
9600,350.84,226.4,23816.937435070107,0.36648140360222925
9610,350.64400000000006,226.315,23768.107979018678,0.36586740575536814
9620,350.448,226.23000000000002,23719.342053096843,0.36525392482114
9630,350.25200000000007,226.14499999999998,23670.639636053806,0.36464096105504934
9640,350.05600000000004,226.06,23622.000706580777,0.36402851471209097
9650,349.86000000000007,225.97500000000002,23573.42524331085,0.3634165860467475
9660,349.66400000000004,225.89,23524.91322481907,0.36280517531298956
9670,349.4680000000001,225.805,23476.46462962237,0.36219428276427323
9680,349.27200000000005,225.72,23428.079436179567,0.36158390865353984
9690,349.076,225.635,23379.757622891353,0.36097405323321413
9700,348.88000000000005,225.55,23331.49916810025,0.360364716755203
9710,348.684,225.465,23283.30405009061,0.3597558994708945
9720,348.48800000000006,225.38,23235.172247088583,0.35914760163115617
9730,348.29200000000003,225.29500000000002,23187.103737262143,0.3585398234863345
9740,348.09600000000006,225.21,23139.09849872099,0.35793256528625284
9750,347.90000000000003,225.125,23091.156509516608,0.3573258272802107
9760,347.70400000000006,225.04000000000002,23043.27774764223,0.3567196097169824
9770,347.50800000000004,224.95499999999998,22995.462191032762,0.35611391284481536
9780,347.312,224.87,22947.709817564864,0.35550873691142953
9790,347.11600000000004,224.785,22900.020605056838,0.35490408216401553
9800,346.92,224.7,22852.39453126869,0.354299948849234
9810,346.72400000000005,224.615,22804.831573902047,0.3536963372132135
9820,346.528,224.53,22757.331710600174,0.35309324750154986
9830,346.33200000000005,224.445,22709.89491894799,0.3524906799593052
9840,346.136,224.36,22662.52117647196,0.3518886348310055
9850,345.94,224.275,22615.210460640174,0.35128711236064075
9860,345.744,224.19,22567.96274886227,0.3506861127916625
9870,345.548,224.10500000000002,22520.778018489444,0.35008563636698325
9880,345.35200000000003,224.01999999999998,22473.65624681443,0.3494856833289751
9890,345.156,223.935,22426.59741107148,0.34888625391946826
9900,344.96000000000004,223.85,22379.601488436354,0.3482873483797499
9910,344.764,223.765,22332.66845602629,0.3476889669505629
9920,344.568,223.68,22285.79829090002,0.3470911098721046
9930,344.372,223.595,22238.99097005772,0.34649377738402565
9940,344.176,223.51,22192.24647044099,0.34589696972542794
9950,343.98,223.425,22145.564768932916,0.34530068713486484
9960,343.784,223.34,22098.945842357934,0.34470492985033824
9970,343.588,223.255,22052.38966748191,0.3441096981092985
9980,343.392,223.17000000000002,22005.89622101211,0.34351499214864273
9990,343.1960000000001,223.08499999999998,21959.465479597126,0.3429208122047133
10000
